Metric,VAE
Silhouette Score,0.4960600733757019
Calinski-Harabasz Index,2843.7696091912862
